,Dividend Ratio,Price ratio,5 Day Div Moving Average,20 Day Div Moving Average,100 Day Div Moving Average,500 Day Div Moving Average,5 Day Price Moving Average,20 Day Price Moving Average,100 Day Price Moving Average,500 Day Price Moving Average
0,1.0203298432109795,1.0,10.040659686421959,10.01016492160549,10.002032984321097,10.000406596864218,100.0,100.0,100.0,100.0
1,1.0438413628782683,1.0,10.128342412178496,10.032085603044624,10.006417120608925,10.001283424121784,100.4065968642196,100.1016492160549,100.02032984321099,100.0040659686422
2,1.0635551583044283,1.0,10.255452728787352,10.063863182196837,10.012772636439367,10.002554527287874,101.28342412178496,100.32085603044624,100.06417120608926,100.01283424121786
3,1.0595579790586556,1.0,10.374568686904663,10.093642171726165,10.018728434345233,10.003745686869046,102.55452728787353,100.63863182196837,100.12772636439368,100.02554527287874
4,1.0664677641610427,1.0,10.50750421522675,10.126876053806686,10.025375210761336,10.005075042152265,103.74568686904664,100.93642171726165,100.18728434345233,100.03745686869048
5,1.045718015656598,1.0,10.558280560117984,10.149735061634987,10.029947012326996,10.0059894024654,105.07504215226747,101.26876053806686,100.25375210761338,100.0507504215227
6,1.0348555049473303,1.0,10.540308844256108,10.167162814108652,10.033432562821728,10.006686512564345,105.58280560117984,101.49735061634985,100.29947012326998,100.05989402465401
7,1.0596073527211247,1.0,10.532413233089502,10.196966490469213,10.039393298093842,10.007878659618767,105.40308844256109,101.6716281410865,100.33432562821731,100.06686512564349
8,1.0433523595301364,1.0,10.500001994032463,10.218642670234281,10.043728534046856,10.00874570680937,105.32413233089501,101.96966490469212,100.39393298093844,100.07878659618771
9,1.0522742435604246,1.0,10.471614952831226,10.244779792014494,10.048955958402898,10.009791191680579,105.00001994032462,102.1864267023428,100.43728534046859,100.08745706809373
10,1.050370696535548,1.0,10.480920314589124,10.269965140282268,10.053993028056453,10.01079860561129,104.71614952831226,102.44779792014492,100.48955958402901,100.09791191680583
11,1.041132906798249,1.0,10.493475118290963,10.290531593681392,10.058106318736279,10.011621263747255,104.80920314589125,102.69965140282265,100.53993028056456,100.10798605611294
12,1.0168426293560429,1.0,10.4079456715608,10.298952908359414,10.059790581671882,10.011958116334375,104.93475118290962,102.90531593681389,100.58106318736282,100.11621263747257
13,1.021299422492473,1.0,10.363839797485472,10.30960261960565,10.06192052392113,10.012384104784225,104.07945671560799,102.9895290835941,100.59790581671886,100.11958116334378
14,1.0336183331001885,1.0,10.326527976565,10.326411786155743,10.065282357231148,10.013056471446228,103.63839797485473,103.09602619605648,100.61920523921134,100.12384104784228
15,1.0269662603731673,1.0,10.27971910424024,10.339894916342327,10.067978983268466,10.013595796653691,103.26527976565,103.26411786155742,100.65282357231152,100.13056471446231
16,1.0066620005744205,1.0,10.210777291792581,10.343225916629537,10.068645183325907,10.013729036665179,102.79719104240239,103.39894916342328,100.67978983268469,100.13595796653694
17,1.0081316274729126,1.0,10.193355288026321,10.347291730365992,10.069458346073198,10.013891669214638,102.10777291792581,103.43225916629538,100.68645183325911,100.13729036665183
18,1.017394217799773,1.0,10.185544878640922,10.35598883926588,10.071197767853175,10.014239553570633,101.9335528802632,103.47291730365994,100.69458346073203,100.13891669214641
19,1.0395229322539263,1.0,10.197354076948397,10.375750305392842,10.075150061078569,10.01503001221571,101.85544878640921,103.5598883926588,100.71197767853181,100.14239553570636
20,1.0469974449869226,1.0,10.237416446175908,10.389084106280814,10.079849805577261,10.01596996111545,101.97354076948398,103.75750305392845,100.75150061078574,100.15030012215713
21,1.0592332724213909,1.0,10.342558989869849,10.396780061052375,10.0857731328194,10.017154626563878,102.37416446175908,103.89084106280816,100.79849805577265,100.15969961115452
22,1.0565447492438385,1.0,10.439385233411702,10.39327485652208,10.091427607743784,10.018285521548755,103.42558989869849,103.96780061052377,100.85773132819403,100.1715462656388
23,1.0338875155823033,1.0,10.472371828976762,10.380439624783904,10.094816359302014,10.0189632718604,104.39385233411701,103.93274856522082,100.91427607743788,100.18285521548756
24,1.0181537210064078,1.0,10.429633406481724,10.356282603206585,10.096631731402654,10.019326346280527,104.72371828976762,103.80439624783908,100.94816359302018,100.18963271860403
25,1.0059380205944786,1.0,10.347514557696837,10.336392605675526,10.097225533462103,10.019445106692418,104.29633406481726,103.56282603206589,100.96631731402658,100.1932634628053
26,0.9889795525102102,1.0,10.207007117874474,10.313454629456967,10.096123488713124,10.019224697742622,103.47514557696839,103.36392605675528,100.97225533462105,100.1944510669242
27,0.9945017309567113,1.0,10.08292108130022,10.280901818574758,10.095573661808794,10.019114732361757,102.07007117874477,103.13454629456969,100.96123488713127,100.19224697742624
28,1.0207249865430026,1.0,10.05659602322162,10.269588132081193,10.097646160463096,10.019529232092616,100.82921081300222,102.80901818574762,100.95573661808798,100.19114732361759
29,1.004447500467597,1.0,10.029183582143997,10.24567476053478,10.098090910509855,10.019618182101969,100.56596023221621,102.69588132081194,100.97646160463098,100.19529232092619
30,1.027988344030207,1.0,10.073284229015453,10.234483584282106,10.100889744912877,10.020177948982573,100.29183582143999,102.4567476053478,100.98090910509858,100.19618182101969
31,1.0313415705458946,1.0,10.158008265086822,10.22958791615593,10.104023901967466,10.020804780393492,100.73284229015455,102.3448358428211,101.00889744912878,100.20177948982574
32,1.0225089562210443,1.0,10.214022715615489,10.23242107958843,10.10627479758957,10.021254959517911,101.58008265086823,102.29587916155933,101.04023901967469,100.20804780393493
33,1.0358599519163998,1.0,10.24429264636228,10.239701344300395,10.10986079278121,10.02197215855624,102.14022715615491,102.32421079588434,101.06274797589573,100.21254959517914
34,1.038601085682964,1.0,10.312599816793016,10.242192720591783,10.113720901349508,10.0227441802699,102.44292646362285,102.39701344300397,101.09860792781211,100.21972158556243
35,1.049290119889307,1.0,10.355203368511216,10.253354650349852,10.118649913338437,10.023729982667687,103.12599816793019,102.42192720591784,101.13720901349508,100.22744180269902
36,1.0611928012238423,1.0,10.414905829867111,10.280620050674564,10.124769193460823,10.024953838692163,103.5520336851122,102.53354650349854,101.18649913338439,100.23729982667689
37,1.0351347358185081,1.0,10.440157389062039,10.294121604847362,10.128282667042674,10.025656533408533,104.14905829867116,102.80620050674565,101.24769193460823,100.24953838692166
38,1.0535357637591465,1.0,10.475509012747533,10.31219237782705,10.133636243418588,10.026727248683716,104.40157389062044,102.94121604847365,101.28282667042673,100.25656533408537
39,1.0475266621602803,1.0,10.493360165702166,10.316194242780226,10.138388909634616,10.027677781926922,104.75509012747537,103.1219237782705,101.33636243418589,100.26727248683719
40,1.0273962002236532,1.0,10.449572326370859,10.306393620398591,10.141128529656982,10.028225705931396,104.9336016570217,103.16194242780227,101.38388909634615,100.27677781926926
41,1.0052130884164658,1.0,10.337612900756104,10.279383528396128,10.141649838498628,10.028329967699724,104.49572326370863,103.06393620398592,101.4112852965698,100.28225705931398
42,1.0282786278720049,1.0,10.3239006848631,10.265250467710212,10.14447770128583,10.028895540257164,103.3761290075611,102.79383528396129,101.41649838498626,100.28329967699729
43,1.053796344209193,1.0,10.324421845763192,10.275204882023656,10.149857335706749,10.029971467141348,103.23900684863104,102.65250467710212,101.44477701285827,100.28895540257167
44,1.0672218131662439,1.0,10.36381214777512,10.299738928103576,10.156579517023372,10.031315903404673,103.24421845763197,102.75204882023657,101.49857335706746,100.29971467141351
45,1.0498213037111515,1.0,10.408662354750117,10.321680569661911,10.161561647394489,10.032312329478897,103.63812147775124,102.99738928103575,101.5657951702337,100.31315903404676
46,1.0587475090646097,1.0,10.515731196046403,10.356564547939112,10.16743639830095,10.03348727966019,104.0866235475012,103.21680569661912,101.61561647394487,100.323123294789
47,1.046796498975314,1.0,10.55276693825302,10.382711931948414,10.17211604819848,10.034423209639696,105.15731196046406,103.56564547939112,101.67436398300948,100.33487279660193
48,1.0299802305201406,1.0,10.505134710874916,10.387339553936984,10.175114071250494,10.035022814250098,105.52766938253023,103.82711931948415,101.72116048198478,100.34423209639698
49,1.0161898990358629,1.0,10.403070882614154,10.393210753221116,10.176733061154081,10.035346612230816,105.0513471087492,103.87339553936984,101.75114071250493,100.35022814250101
50,1.0250495757845761,1.0,10.353527426761003,10.391741369098302,10.179238018732539,10.035847603746507,104.03070882614159,103.93210753221118,101.7673306115408,100.35346612230819
51,1.0089928849567191,1.0,10.254018178545223,10.380567026303714,10.180137307228211,10.036027461445643,103.53527426761006,103.91741369098301,101.79238018732538,100.35847603746511
52,1.0128588597164538,1.0,10.186142900027502,10.375741978051419,10.181423193199857,10.036284638639973,102.54018178545225,103.80567026303713,101.80137307228209,100.36027461445646
53,1.032373681462195,1.0,10.190929801911611,10.373998842824317,10.184660561346076,10.036932112269216,101.86142900027505,103.75741978051417,101.81423193199855,100.36284638639975
54,1.049601687991767,1.0,10.257753379823418,10.379499143978718,10.189620730145252,10.037924146029052,101.90929801911614,103.73998842824315,101.84660561346074,100.36932112269218
55,1.051437222599749,1.0,10.310528673453764,10.380572695333939,10.194764452405227,10.038952890481047,102.57753379823421,103.79499143978714,101.8962073014525,100.37924146029053
56,1.0328593314796581,1.0,10.35826156649964,10.366405960461847,10.198050385553193,10.03961007711064,103.10528673453766,103.80572695333936,101.94764452405225,100.38952890481049
57,1.0095290136904156,1.0,10.351601874447564,10.353603099397802,10.199003286922235,10.039800657384447,103.58261566499645,103.66405960461843,101.9805038555319,100.39610077110642
58,1.011510826997549,1.0,10.309876165518272,10.332590631017002,10.20015436962199,10.040030873924398,103.5160187444757,103.53603099397796,101.9900328692223,100.3980065738445
59,1.0076029722367628,1.0,10.225878734008266,10.312628786055244,10.200914666845666,10.040182933369133,103.09876165518276,103.32590631016998,102.00154369621985,100.40030873924401
60,1.0164549706158033,1.0,10.155914230040374,10.307158171251318,10.202560163907245,10.04051203278145,102.25878734008268,103.12628786055241,102.00914666845661,100.40182933369137
61,1.0149220569318687,1.0,10.120039680944794,10.312012655509019,10.204052369600433,10.040810473920086,101.55914230040376,103.07158171251317,102.0256016390724,100.40512032781453
62,1.0236266134309677,1.0,10.148234880425898,10.309686648288501,10.206415030943528,10.041283006188705,101.20039680944798,103.1201265550902,102.04052369600427,100.40810473920091
63,1.0010857000763802,1.0,10.12738462658356,10.283331326222095,10.206523600951167,10.041304720190233,101.48234880425902,103.09686648288502,102.06415030943525,100.4128300618871
64,1.0230465348200415,1.0,10.158271751750117,10.261243687048994,10.20882825443317,10.041765650886635,101.27384626583564,102.83331326222097,102.06523600951162,100.41304720190237
65,1.011678755491499,1.0,10.14871932150151,10.242172412939167,10.20999612998232,10.041999225996465,101.58271751750121,102.61243687048996,102.08828254433166,100.41765650886637
66,1.018797378224107,1.0,10.156469964085987,10.222197347518916,10.21187586780473,10.042375173560947,101.48719321501513,102.42172412939169,102.09996129982318,100.41999225996469
67,0.994749827791353,1.0,10.098716392806757,10.196174011926935,10.211350850583866,10.042270170116776,101.56469964085989,102.22197347518917,102.11875867804727,100.4237517356095
68,1.007959193424497,1.0,10.112463379502993,10.185163493379113,10.212146769926315,10.042429353985266,100.98716392806759,101.96174011926936,102.11350850583862,100.42270170116778
69,1.0122046212930633,1.0,10.090779552449037,10.183170854507713,10.213367232055623,10.042673446411127,101.12463379502992,101.85163493379115,102.12146769926312,100.42429353985267
70,0.9950420793512723,1.0,10.057506200168584,10.168167106291062,10.21287143999075,10.042574287998152,100.90779552449035,101.83170854507715,102.13367232055617,100.42673446411129
71,1.012279310970474,1.0,10.044470065661317,10.16981031929794,10.214099371087796,10.04281987421756,100.57506200168584,101.68167106291062,102.12871439990745,100.42574287998154
72,1.001340636657003,1.0,10.057651683392617,10.164051207768214,10.214233434753497,10.042846686950702,100.44470065661316,101.6981031929794,102.14099371087794,100.42819874217564
73,1.0074465788476399,1.0,10.056626454238904,10.151587656460936,10.21497809263826,10.042995618527653,100.57651683392616,101.64051207768213,102.14233434753494,100.42846686950703
74,1.02624870904016,1.0,10.084714629733096,10.139911166985133,10.217602963542276,10.043520592708457,100.56626454238902,101.51587656460936,102.14978092638259,100.42995618527657
75,1.019528092806513,1.0,10.13368665664358,10.123956602088516,10.219555772822927,10.043911154564586,100.84714629733097,101.39911166985132,102.17602963542275,100.4352059270846
76,1.0450463111873483,1.0,10.199220657077328,10.13005009194236,10.224060403941662,10.044812080788333,101.33686656643576,101.23956602088514,102.19555772822925,100.4391115456459
77,1.039352426039665,1.0,10.275244235842653,10.144961798116984,10.22799564654563,10.045599129309126,101.99220657077325,101.30050091942358,102.2406040394166,100.44812080788336
78,1.0398430687293359,1.0,10.340037215606042,10.159127918982879,10.231979953418563,10.046395990683713,102.75244235842649,101.44961798116984,102.27995646545625,100.4559912930913
79,1.0582271923792466,1.0,10.403994182284217,10.18444002905412,10.237802672656489,10.047560534531298,103.40037215606041,101.59127918982878,102.31979953418559,100.46395990683716
80,1.028384185029496,1.0,10.421706366730183,10.190404636260967,10.24064109115944,10.048128218231888,104.03994182284214,101.8444002905412,102.37802672656484,100.47560534531301
81,1.0229771253026712,1.0,10.37756799496083,10.194432170446367,10.242938803689706,10.048587760737943,104.2170636673018,101.90404636260966,102.40641091159434,100.48128218231892
82,0.9966447201452588,1.0,10.292152583172015,10.180941223803512,10.242603275704232,10.048520655140848,103.77567994960825,101.94432170446368,102.42938803689702,100.48587760737945
83,1.0122722332410652,1.0,10.237010912195474,10.186534490385856,10.243830499028338,10.048766099805668,102.92152583172015,101.80941223803514,102.42603275704226,100.4852065514085
84,1.006031928442559,1.0,10.132620384322099,10.178027187197113,10.244433691872594,10.04888673837452,102.37010912195473,101.86534490385856,102.43830499028334,100.48766099805671
85,1.0298213191386414,1.0,10.135494652540388,10.187098469020686,10.247415823786458,10.049483164757294,101.32620384322097,101.78027187197115,102.4443369187259,100.48886738374522
86,1.038982730478877,1.0,10.1675058628928,10.197191145148071,10.251314096834344,10.050262819366871,101.35494652540388,101.87098469020687,102.47415823786454,100.49483164757295
87,1.0312976446410735,1.0,10.236811711884428,10.215465053572931,10.25444386129845,10.050888772259693,101.67505862892799,101.97191145148071,102.51314096834341,100.50262819366873
88,1.0449739991572753,1.0,10.302215243716848,10.233972456439322,10.258941261214177,10.051788252242838,102.36811711884428,102.15465053572932,102.5444386129845,100.50888772259695
89,1.0546888506254615,1.0,10.399529088082653,10.25521457110552,10.264410146276724,10.052882029255349,103.02215243716849,102.33972456439321,102.58941261214177,100.51788252242841
90,1.073641759309448,1.0,10.487169968424267,10.294514411084608,10.27177432220767,10.054354864441537,103.99529088082654,102.5521457110552,102.64410146276722,100.5288202925535
91,1.090335948430353,1.0,10.589876404327217,10.333542729814548,10.280807917050703,10.056161583410143,104.87169968424269,102.94514411084609,102.71774322207668,100.5435486444154
92,1.0847812173234703,1.0,10.69684354969201,10.37526302014778,10.28928603878305,10.057857207756614,105.8987640432722,103.33542729814549,102.80807917050703,100.56161583410147
93,1.095237112318518,1.0,10.797369776014495,10.41915828688322,10.298809750014902,10.059761950002983,106.96843549692014,103.75263020147781,102.8928603878305,100.57857207756616
94,1.0775283996798806,1.0,10.843048874123335,10.44479813220308,10.30656258998289,10.061312517996582,107.973697760145,104.19158286883221,102.98809750014901,100.59761950002986
95,1.0883469355571078,1.0,10.872459226618655,10.479207553578377,10.315397283538603,10.063079456707722,108.43048874123338,104.44798132203081,103.0656258998289,100.61312517996583
96,1.0608219072577036,1.0,10.813431144273355,10.487095351613554,10.321479474264372,10.064295894852878,108.72459226618658,104.79207553578378,103.15397283538601,100.63079456707726
97,1.0748794036589904,1.0,10.793627516944397,10.504858840423218,10.328967414630272,10.065793482926058,108.13431144273359,104.87095351613557,103.21479474264372,100.6429589485288
98,1.0951171644168443,1.0,10.79338762114105,10.532495888266972,10.338479131071956,10.067695826214395,107.93627516944397,105.04858840423219,103.28967414630272,100.6579348292606
99,1.0735904829640508,1.0,10.78551178770939,10.540177533559374,10.34583817936836,10.069167635873676,107.9338762114105,105.32495888266973,103.38479131071955,100.67695826214398
100,1.0721507104526886,1.0,10.753119337500552,10.562060796270972,10.351020266092533,10.070610650082727,107.8551178770939,105.40177533559377,103.4583817936836,100.69167635873679
101,1.0925249058708577,1.0,10.816525334726858,10.596834686555065,10.355888620391793,10.072461148200146,107.53119337500553,105.62060796270973,103.51020266092532,100.70610650082733
102,1.0803053562475387,1.0,10.827377239903957,10.638665004606205,10.357563640186104,10.074067255325097,108.16525334726859,105.96834686555067,103.5588862039179,100.7246114820015
103,1.0797316580234777,1.0,10.796606227117223,10.67239471699741,10.359581008082587,10.075661888485566,108.27377239903956,106.38665004606207,103.575636401861,100.74067255325102
104,1.0917511051124074,1.0,10.832927471413937,10.715254305332333,10.362109342177723,10.077496910587815,107.96606227117222,106.72394716997414,103.59581008082583,100.75661888485571
105,1.1093971819590807,1.0,10.90742041442672,10.755042236742554,10.368477258807971,10.079684854226997,108.32927471413936,107.15254305332337,103.62109342177719,100.77496910587818
106,1.0774326998399657,1.0,10.877236002364938,10.774267221423099,10.372734978297233,10.081233508223795,109.0742041442672,107.55042236742557,103.68477258807967,100.79684854227
107,1.053840324826031,1.0,10.824305939521924,10.785538561515576,10.372158275507722,10.082310314720317,108.77236002364937,107.74267221423102,103.72734978297231,100.81233508223801
108,1.03361269211093,1.0,10.732068007696828,10.779857907992405,10.371184308765804,10.082982568562535,108.2430593952192,107.85538561515583,103.72158275507722,100.8231031472032
109,1.0054374344842227,1.0,10.559440666440457,10.755232199921783,10.366500627858183,10.083091317252219,107.32068007696826,107.7985790799241,103.711843087658,100.82982568562538
110,1.0264158892656439,1.0,10.393478081053583,10.731619264899882,10.364105147131195,10.083619635037532,105.59440666440454,107.55232199921791,103.6650062785818,100.83091317252223
111,1.0051558424256117,1.0,10.248924366224875,10.68902921189751,10.360507440693931,10.083722751886043,103.93478081053581,107.31619264899889,103.6410514713119,100.83619635037535
112,0.9875809461853455,1.0,10.116405608943506,10.640429076328449,10.35758127237686,10.08347437080975,102.48924366224874,106.89029211897518,103.60507440693925,100.83722751886047
113,1.0013672682536037,1.0,10.051914761228852,10.593494154295993,10.355588056952973,10.083501716174823,101.16405608943502,106.40429076328455,103.57581272376856,100.83474370809753
114,0.9984036161396419,1.0,10.03784712453969,10.553931762525874,10.35206658525692,10.083469788497615,100.51914761228849,105.93494154295998,103.55588056952969,100.83501716174825
115,0.9794182323751647,1.0,9.943851810758732,10.499467410934901,10.347311782457119,10.083058153145117,100.37847124539688,105.53931762525876,103.52066585256915,100.83469788497618
116,0.9610543492666906,1.0,9.855648824440888,10.449583631939396,10.342751017326345,10.08227924013045,99.4385181075873,104.99467410934903,103.47311782457113,100.83058153145122
117,0.9429531232491992,1.0,9.766393178568595,10.3836204917345,10.336233166903975,10.081138302595434,98.55648824440888,104.49583631939397,103.4275101732634,100.82279240130455
118,0.9494655490298687,1.0,9.662589740121124,10.310794684041012,10.329440300026986,10.080127613576032,97.66393178568596,103.83620491734503,103.36233166903969,100.81138302595438
119,0.9308512012501498,1.0,9.527484910342139,10.239425043184061,10.318573126926609,10.078744637601035,96.62589740121126,103.10794684041014,103.29440300026978,100.80127613576036
120,0.9528275632581031,1.0,9.474303572108017,10.179763469586769,10.309156138753726,10.077801188866198,95.27484910342142,102.39425043184063,103.185731269266,100.78744637601038
121,0.9463910628139466,1.0,9.444976999202527,10.106696548058313,10.297871917792982,10.076729010122477,94.74303572108018,101.79763469586771,103.09156138753718,100.77801188866201
122,0.9675904317437102,1.0,9.494251616191551,10.0503390858064,10.288976486042968,10.076080818757351,94.4497699920253,101.06696548058315,102.97871917792975,100.76729010122479
123,0.9757116527122323,1.0,9.546743823556278,9.998329083150777,10.28315889975596,10.075595051811595,94.9425161619155,100.50339085806402,102.88976486042961,100.76080818757353
124,0.9549109503291404,1.0,9.59486332171426,9.929909005759143,10.276834622688234,10.074693270818177,95.46743823556278,99.98329083150779,102.83158899755954,100.75595051811598
125,0.9736084575124144,1.0,9.636425110222884,9.86201464353581,10.273601666380028,10.074165439968427,95.9486332171426,99.29909005759146,102.76834622688227,100.7469327081818
126,0.9579386990500284,1.0,9.659520382695046,9.80226764314084,10.270497581034011,10.073324213949427,96.36425110222883,98.62014643535812,102.73601666380021,100.74165439968428
127,0.9591130865895687,1.0,9.642565692386764,9.75490402402261,10.266958716597296,10.07250647568122,96.59520382695047,98.02267643140844,102.70497581034004,100.7332421394943
128,0.958808424445843,1.0,9.608759235853984,9.717501890190066,10.260767060387579,10.071682644170137,96.42565692386763,97.54904024022613,102.6695871659729,100.7250647568122
129,0.9399454452501393,1.0,9.578828225695982,9.684755895573025,10.254316854865833,10.070481553075139,96.08759235853985,97.1750189019007,102.60767060387575,100.71682644170137
130,0.9696613083636072,1.0,9.570933927398368,9.656378605122006,10.248484151299174,10.069874779242411,95.78828225695982,96.84755895573028,102.54316854865829,100.70481553075139
131,0.9509112220364561,1.0,9.556878973371223,9.629256294927428,10.240441116448231,10.06889300368314,95.70933927398367,96.56378605122009,102.4848415129917,100.69874779242411
132,0.9566979743455422,1.0,9.55204874888317,9.613814809007525,10.23386001826068,10.068026963170052,95.56878973371222,96.29256294927431,102.40441116448224,100.6889300368314
133,0.9501772095244206,1.0,9.534786319040325,9.588219779642936,10.225291744021483,10.067030507360542,95.52048748883169,96.1381480900753,102.33860018260674,100.6802696317005
134,0.9623375207487058,1.0,9.579570470037458,9.570186731947468,10.217665387528056,10.066277257775514,95.34786319040325,95.88219779642938,102.25291744021477,100.67030507360539
135,0.9639475042677536,1.0,9.568142861845752,9.562451367893761,10.2091311259659,10.06555620786087,95.79570470037459,95.7018673194747,102.1766538752805,100.66277257775512
136,0.978369217544857,1.0,9.623058852862554,9.571108802032846,10.200848767598002,10.06512359221177,95.68142861845752,95.62451367893765,102.09131125965897,100.65556207860868
137,0.9580911739845751,1.0,9.625845252140621,9.578677827400535,10.19314441141461,10.06428541569146,96.23058852862553,95.71108802032849,102.00848767597998,100.65123592211765
138,0.9404658752634101,1.0,9.606422583618599,9.574177990517304,10.181837422565035,10.06309473319673,96.2584525214062,95.78677827400537,101.93144411414605,100.64285415691457
139,0.9652391888929059,1.0,9.612225919907,9.591371984338682,10.173608675238297,10.062399516974587,96.06422583618598,95.74177990517308,101.81837422565032,100.63094733196723
140,0.9535933477159217,1.0,9.591517606803336,9.591754876567592,10.166228389987523,10.061471383928906,96.12225919906999,95.91371984338686,101.73608675238295,100.62399516974581
141,0.9416557491785316,1.0,9.518090670070686,9.589387219749884,10.159872656063731,10.060304498912476,95.91517606803335,95.91754876567595,101.66228389987522,100.61471383928901
142,0.9467034571790386,1.0,9.495315236459613,9.578943732467547,10.151715138994433,10.059238568056056,95.18090670070686,95.89387219749887,101.5987265606373,100.60304498912471
143,0.9740055523253313,1.0,9.562394590583455,9.578090682274098,10.143736059806047,10.058718679102563,94.95315236459612,95.7894373246755,101.51715138994433,100.59238568056051
144,0.9763432083944299,1.0,9.584602629586502,9.588806811306743,10.134648199328865,10.058245543270452,95.62394590583455,95.780906822741,101.43736059806048,100.58718679102559
145,0.9747400154508338,1.0,9.626895965056326,9.589372590275953,10.127140070502833,10.057740343579468,95.84602629586502,95.88806811306746,101.34648199328865,100.58245543270448
146,0.9780242539603188,1.0,9.6996329746199,9.599415367731098,10.119067744992403,10.057300828658674,96.26895965056326,95.89372590275956,101.27140070502831,100.57740343579464
147,0.972294530174375,1.0,9.750815120610573,9.6060060895235,10.11161754811231,10.056746719262161,96.996329746199,95.994153677311,101.19067744992402,100.5730082865867
148,0.9751547620606488,1.0,9.753113540081209,9.614179258330903,10.10613500126636,10.056249814503373,97.50815120610574,96.06006089523504,101.11617548112308,100.56746719262158
149,0.9685852072730267,1.0,9.737597537838402,9.628499139342347,10.101374532090077,10.055621518648833,97.53113540081208,96.14179258330907,101.06135001266358,100.5624981450337
150,0.9604867752088693,1.0,9.709091057354474,9.623911872764978,10.094918252032507,10.05483125415301,97.37597537838403,96.28499139342351,101.01374532090074,100.5562151864883
151,0.9391362425720633,1.0,9.631315034577963,9.618024383032783,10.087932587794041,10.053613979004451,97.09091057354473,96.23911872764982,100.94918252032502,100.54831254153008
152,0.9407044720484677,1.0,9.568134918326148,9.610027631884245,10.080717149027242,10.05242806844542,96.31315034577963,96.18024383032785,100.87932587794037,100.53613979004449
153,0.9577086672428246,1.0,9.5332427286905,9.613793360743447,10.073250647605304,10.051582241790276,95.68134918326147,96.10027631884248,100.8071714902724,100.52428068445418
154,0.9760477762256006,1.0,9.548167866595648,9.620648488481894,10.065895256428687,10.05110319731479,95.332427286905,96.1379336074345,100.73250647605302,100.51582241790274
155,0.9502044835061252,1.0,9.52760328319016,9.613776978101079,10.055771982519326,10.050107286984913,95.48167866595648,96.20648488481898,100.65895256428686,100.51103197314787
156,0.9560265727417278,1.0,9.561383943529489,9.602605655699515,10.048088706645533,10.049227818439748,95.27603283190159,96.13776978101083,100.55771982519326,100.50107286984908
157,0.9558762362903941,1.0,9.591727472013343,9.601498186852423,10.04272342890553,10.048345343165554,95.61383943529488,96.02605655699519,100.48088706645532,100.49227818439743
158,0.9669868029345328,1.0,9.610283743396758,9.614758650687985,10.03827102649923,10.047685079224246,95.9172747201334,96.01498186852427,100.4272342890553,100.48345343165552
159,0.9453112689114438,1.0,9.548810728768444,9.604794690697254,10.032041856166698,10.046591304602474,96.10283743396757,96.14758650687989,100.3827102649923,100.47685079224243
160,0.9322581878305819,1.0,9.512918137417357,9.594127110754584,10.023622177888177,10.045236468359086,95.48810728768443,96.04794690697257,100.32041856166697,100.46591304602472
161,0.9519790769613768,1.0,9.504823145856655,9.599288774646007,10.017327879891127,10.044276049898313,95.12918137417356,95.94127110754587,100.23622177888176,100.45236468359084
162,0.9696213598615635,1.0,9.532313392998994,9.61074772598727,10.011927354534187,10.043668477095546,95.04823145856655,95.99288774646011,100.17327879891127,100.44276049898312
163,0.9634377313613024,1.0,9.525215249852533,9.605463815505255,10.00816255766268,10.042937231722771,95.32313392998994,96.10747725987274,100.11927354534185,100.43668477095542
164,0.9746072479615229,1.0,9.58380720795269,9.604595835288801,10.003318628976828,10.042429376682003,95.25215249852533,96.05463815505259,100.08162557662678,100.42937231722769
165,0.9893700234731927,1.0,9.69803087923791,9.61191083929998,10.001087755774996,10.042216777151467,95.83807207952692,96.04595835288805,100.03318628976825,100.42429376682
166,0.9804508629538405,1.0,9.754974451222838,9.613124143796743,9.99725310424797,10.041825794410544,96.98030879237913,96.11910839299985,100.01087755774994,100.42216777151464
167,0.9630186539130943,1.0,9.741769039325899,9.6084862056661,9.994079986860145,10.041086167488805,97.54974451222841,96.13124143796746,99.97253104247967,100.4182579441054
168,0.9710406952409265,1.0,9.756974967085148,9.60642917225624,9.990388137041787,10.040506981393625,97.41769039325904,96.08486205666105,99.94079986860143,100.41086167488803
169,0.949708747489552,1.0,9.707177966141206,9.596990942364503,9.984138549661436,10.039501156343414,97.56974967085152,96.06429172256244,99.90388137041784,100.40506981393622
170,0.940587527221245,1.0,9.60961297363731,9.58704131837069,9.978693094448433,10.038312906887839,97.0717796614121,95.96990942364506,99.84138549661434,100.39501156343414
171,0.9620770729306438,1.0,9.572865393590916,9.59851173354998,9.97367287064445,10.037554448346452,96.09612973637314,95.87041318370693,99.7869309444843,100.38312906887838
172,0.944470991616989,1.0,9.535770068998705,9.600394993334241,9.967985906140449,10.036443868178791,95.72865393590921,95.98511733549984,99.73672870644447,100.37554448346451
173,0.9269804211271688,1.0,9.44764952077119,9.585030870276414,9.959939290368402,10.034983476601333,95.3577006899871,96.00394993334245,99.67985906140444,100.3644386817879
174,0.9076329747266685,1.0,9.363497975245423,9.550823469526948,9.948077716937053,10.033136136095868,94.47649520771195,95.85030870276417,99.59939290368396,100.34983476601333
175,0.9238871088841645,1.0,9.330097138571261,9.537664782215968,9.938513618544818,10.03161387827355,93.63497975245427,95.50823469526951,99.48077716937048,100.33136136095867
176,0.9158384581913129,1.0,9.2376199090926,9.51757072494076,9.925592833245213,10.029930647437377,93.30097138571266,95.3766478221597,99.38513618544816,100.3161387827355
177,0.895081498744282,1.0,9.138840923347185,9.487173356167705,9.911165740515676,10.027832277412262,92.37619909092605,95.17570724940762,99.25592833245213,100.29930647437375
178,0.8942637059609877,1.0,9.073407493014823,9.450811807680932,9.89660780423884,10.025717551531484,91.3884092334719,94.87173356167708,99.11165740515675,100.2783227741226
179,0.919052748330061,1.0,9.09624704022161,9.437682547390239,9.882690359833921,10.024098606498084,90.7340749301483,94.50811807680934,98.9660780423884,100.2571755153148
180,0.9015220158757051,1.0,9.05151685420469,9.4223144614128,9.870004142918543,10.022129046815598,90.96247040221614,94.37682547390243,98.82690359833921,100.24098606498082
181,0.9010377343002809,1.0,9.021915406422625,9.396843790082253,9.857810203818303,10.020149801501605,90.51516854204695,94.22314461412805,98.70004142918542,100.22129046815594
182,0.8957703949977264,1.0,9.023293198929515,9.359918307650334,9.84772277130355,10.01806520940156,90.21915406422632,93.96843790082256,98.57810203818302,100.201498015016
183,0.9279135229786284,1.0,9.090592832964797,9.342156203458996,9.839286900277306,10.016623479861131,90.2329319892952,93.59918307650337,98.4772277130355,100.18065209401554
184,0.9471961082875799,1.0,9.146879552879835,9.328450633622024,9.833403318261809,10.015567402026884,90.905928329648,93.42156203459,98.39286900277305,100.16623479861127
185,0.9506557242037521,1.0,9.245146969535927,9.309093483987304,9.82548675876832,10.014580516510957,91.46879552879838,93.28450633622029,98.33403318261807,100.15567402026879
186,0.9393020315515981,1.0,9.321675564038562,9.288519068286181,9.815518688875592,10.013366557141989,92.45146969535932,93.09093483987309,98.25486758768318,100.14580516510955
187,0.9693778338822134,1.0,9.468890441807536,9.291698658270743,9.809326707799706,10.012754113819634,93.21675564038567,92.88519068286186,98.1551868887559,100.13366557141987
188,0.9504234089243185,1.0,9.513910213698917,9.28139001511244,9.79987164877641,10.01176258199812,94.68890441807541,92.91698658270747,98.09326707799704,100.12754113819632
189,0.97327851556448,1.0,9.566075028252715,9.293174899149902,9.79173061527031,10.01122815230941,95.13910213698922,92.81390015112443,97.99871648776409,100.11762581998119
190,0.9894188018248841,1.0,9.64360118349498,9.317590536451721,9.783308319521854,10.011016528345909,95.66075028252722,92.93174899149906,97.91730615270312,100.11228152309408
191,1.0165517409322078,1.0,9.798100602256198,9.344827870452502,9.77592989877204,10.011347563164552,96.43601183494987,93.17590536451726,97.83308319521855,100.11016528345905
192,0.992397960009235,1.0,9.844140854510242,9.368791354648625,9.766691573040616,10.011195522364737,97.98100602256207,93.44827870452508,97.75929898772041,100.11347563164549
193,0.98889946771083,1.0,9.921092972083265,9.399750877940454,9.756057808579847,10.010973511718953,98.44140854510249,93.68791354648631,97.66691573040617,100.11195522364734
194,1.0131084567338715,1.0,10.00075285442205,9.452488618944056,9.749615814285244,10.011235680853632,99.21092972083272,93.99750877940463,97.5605780857985,100.1097351171895
195,1.0022375813096374,1.0,10.026390413391557,9.49166385515679,9.741004878860497,10.011280432479824,100.00752854422055,94.52488618944064,97.4961581428525,100.11235680853628
196,0.9787995083677933,1.0,9.950885948262727,9.523144380245032,9.732802638971506,10.010856422647178,100.26390413391563,94.916638551568,97.41004878860502,100.11280432479822
197,0.9533649099282426,1.0,9.872819848100743,9.552286085837013,9.720651189598433,10.009923720845743,99.50885948262734,95.2314438024504,97.3280263897151,100.10856422647177
198,0.968752777631949,1.0,9.83252646794298,9.589530621672493,9.708014750919943,10.009298776398381,98.72819848100748,95.5228608583702,97.20651189598435,100.09923720845742
199,0.9783454677897551,1.0,9.763000490054747,9.61917698140234,9.698490249402514,10.008865685754177,98.32526467942986,95.895306216725,97.08014750919945,100.09298776398383
200,0.9707423282964228,1.0,9.700009984028318,9.6537871376127,9.688349411186888,10.008280532320107,97.63000490054753,96.19176981402346,96.98490249402515,100.08865685754178
201,0.95335852127892,1.0,9.649128009850571,9.67994753110202,9.674432772727693,10.007347702745685,97.00009984028324,96.53787137612706,96.88349411186887,100.08280532320106
202,0.9330199384030526,1.0,9.608438066800192,9.698572302804681,9.659704230943245,10.006008101513746,96.49128009850578,96.79947531102025,96.74432772727694,100.07347702745685
203,0.9136982846709787,1.0,9.49832908087825,9.691464683650858,9.643100893607995,10.004282067207164,96.084380668002,96.98572302804688,96.59704230943245,100.06008101513746
204,0.8972000686414248,1.0,9.336038282581589,9.66646666382778,9.623645789960896,10.002226068579994,94.98329080878258,96.91464683650864,96.43100893607995,100.04282067207166
205,0.9013021315239884,1.0,9.19715788903672,9.641789867487898,9.602836284917387,10.000252111210473,93.36038282581599,96.66466663827785,96.23645789960898,100.02226068579994
206,0.926176277324539,1.0,9.142793401127957,9.635226990374369,9.587710642665847,9.998775636756964,91.9715788903673,96.41789867487904,96.02836284917389,100.00252111210473
207,0.9321072150951524,1.0,9.140967954512156,9.616591680980838,9.575537331692757,9.997417781058866,91.42793401127969,96.35226990374375,95.87710642665844,99.98775636756965
208,0.9238660714465652,1.0,9.16130352806333,9.60331301224196,9.564562669626321,9.995895102487797,91.40967954512168,96.16591680980844,95.75537331692756,99.97417781058867
209,0.9171295467544761,1.0,9.201162484289432,9.575238527836959,9.555731880853346,9.994237693422887,91.6130352806334,96.03313012241968,95.64562669626321,99.95895102487799
210,0.934875463503905,1.0,9.268309148249266,9.547966858676471,9.546577838277171,9.992935202692964,92.01162484289443,95.75238527836966,95.55731880853345,99.94237693422888
211,0.9174276447101117,1.0,9.250811883020413,9.498404810565422,9.53780501850562,9.991283755587167,92.68309148249277,95.47966858676476,95.46577838277172,99.92935202692966
212,0.9402936968998808,1.0,9.26718484662987,9.472352679010745,9.533076293577075,9.990089629525164,92.50811883020422,94.9840481056543,95.37805018505622,99.91283755587168
213,0.9339376088866012,1.0,9.287327921509942,9.44487174959863,9.526333327640375,9.988768381702895,92.6718484662988,94.72352679010751,95.33076293577075,99.90089629525166
214,0.9546670887386636,1.0,9.362403005478317,9.415651065601025,9.521959674900279,9.987861723477668,92.87327921509952,94.44871749598637,95.26333327640376,99.88768381702899
215,0.9330612595383337,1.0,9.358774597547173,9.381062904715375,9.517323977616593,9.986522948668435,93.62403005478326,94.15651065601034,95.21959674900278,99.87861723477671
216,0.956347448938167,1.0,9.436614206003282,9.36983687500056,9.516853287583741,9.985649897647198,93.58774597547183,93.81062904715381,95.17323977616596,99.86522948668437
217,0.9577106551607073,1.0,9.471448122524937,9.372009747616792,9.518329040774892,9.984804110750412,94.36614206003294,93.6983687500057,95.16853287583743,99.85649897647201
218,0.9862104892464263,1.0,9.575993883244587,9.380738603424032,9.522003534796548,9.984528320535341,94.71448122524947,93.72009747616801,95.18329040774891,99.84804110750414
219,1.003343019483836,1.0,9.673345744734931,9.393237379271072,9.529252716619917,9.984595180925018,95.75993883244598,93.8073860342404,95.22003534796548,99.84528320535344
220,1.0259557814989724,1.0,9.85913478865621,9.420844105872346,9.536565538444004,9.985114296554997,96.73345744734942,93.9323737927108,95.29252716619916,99.8459518092502
221,1.0339993955923092,1.0,10.014438681964494,9.46116454302904,9.54532637172184,9.985794284466843,98.5913478865622,94.20844105872354,95.36565538444003,99.85114296555
222,1.0123601734359438,1.0,10.123737718514967,9.500834660545486,9.549803345891062,9.98604148793556,100.14438681964505,94.6116454302905,95.45326371721839,99.85794284466846
223,1.0373627383660529,1.0,10.22604221675422,9.562666887393023,9.555968454456444,9.986788742702881,101.23737718514977,95.00834660545495,95.49803345891063,99.86041487935566
224,1.040356501342355,1.0,10.300069180471258,9.634245103743488,9.564513009557766,9.98759587272973,102.26042216754232,95.62666887393031,95.55968454456445,99.86788742702886
225,1.015558763285909,1.0,10.279275144045133,9.69137341962445,9.568708040135116,9.987907047995447,103.00069180471269,96.34245103743497,95.64513009557766,99.87595872729733
226,1.0357033830950253,1.0,10.282683119050565,9.746136972509692,9.576484508539615,9.988621115657349,102.79275144045144,96.91373419624458,95.68708040135115,99.8790704799545
227,1.0249045793042089,1.0,10.307771930787094,9.792535654614221,9.58306365781108,9.989119207243432,102.82683119050576,97.461369725097,95.76484508539616,99.88621115657351
228,1.044800420667224,1.0,10.322647295389437,9.85300282922455,9.591662857433219,9.990015215656776,103.07771930787105,97.9253565461423,95.83063657811078,99.89119207243435
229,1.069819815896872,1.0,10.381573924498472,9.929347963795749,9.604650294497892,9.991411611974714,103.22647295389447,98.53002829224559,95.91662857433215,99.9001521565678
230,1.051087588353773,1.0,10.452631574634198,9.987454026220682,9.61279292249691,9.992433363741789,103.81573924498483,99.29347963795756,96.0465029449789,99.91411611974716
231,1.0292494936237753,1.0,10.439723795691698,10.043364950677514,9.62062674965564,9.993018353614264,104.5263157463421,99.8745402622069,96.12792922496905,99.92433363741792
232,1.0514409813511691,1.0,10.492796599785617,10.098938592903158,9.630101050356203,9.994047173241288,104.39723795691711,100.43364950677521,96.20626749655638,99.93018353614268
233,1.0449903379856675,1.0,10.493176434422505,10.154464957452692,9.639582363202328,9.994946980001002,104.92796599785632,100.98938592903167,96.30101050356201,99.94047173241292
234,1.0290291708218244,1.0,10.411595144272411,10.191645998494272,9.646251528209639,9.995527563417438,104.93176434422519,101.54464957452699,96.39582363202325,99.94946980001005
235,1.0452225849319394,1.0,10.399865137428744,10.247726661191075,9.654379036276058,9.996432015116078,104.11595144272424,101.9164599849428,96.46251528209639,99.95527563417441
236,1.0606063283365486,1.0,10.462578806854292,10.299856100890267,9.662602747355228,9.997644141682807,103.99865137428756,102.47726661191082,96.54379036276057,99.96432015116079
237,1.0672451836202275,1.0,10.49418721139241,10.354623365120027,9.673518148318793,9.998989045355213,104.62578806854303,102.99856100890273,96.62602747355226,99.97644141682811
238,1.0726780467204675,1.0,10.54956262886201,10.397857143857047,9.686739365464499,10.000442606289623,104.9418721139242,103.54623365120031,96.73518148318792,99.98989045355216
239,1.0791503407945777,1.0,10.649804968807514,10.435760804512418,9.698130480654667,10.002025613105515,105.4956262886202,103.97857143857053,96.86739365464497,100.00442606289626
240,1.0693476182635824,1.0,10.698055035470798,10.457456722894722,9.709705907709433,10.003412565470786,106.49804968807526,104.35760804512422,96.98130480654665,100.02025613105516
241,1.078717838195708,1.0,10.734278055189119,10.479815944196423,9.72341211661115,10.0049869222347,106.98055035470811,104.57456722894726,97.09705907709431,100.03412565470788
242,1.0876195471312278,1.0,10.775026782211118,10.517445631044065,9.73750372560637,10.006739313177325,107.34278055189131,104.79815944196426,97.23412116611149,100.04986922234703
243,1.070728737461582,1.0,10.771128163693348,10.53412863059183,9.747176044119994,10.008153887926557,107.75026782211133,105.17445631044068,97.37503725606368,100.06739313177327
244,1.0876778338522872,1.0,10.788183149808768,10.557789296846796,9.75830950666578,10.009907444603602,107.7112816369336,105.34128630591833,97.47176044119993,100.08153887926561
245,1.0678341930566035,1.0,10.78515629939481,10.583927011732143,9.767618924426356,10.011264128464735,107.88183149808779,105.57789296846799,97.58309506665779,100.09907444603606
246,1.0596898396865755,1.0,10.747100302376545,10.595920240027919,9.775785482998984,10.012457925258467,107.8515629939482,105.83927011732146,97.67618924426357,100.11264128464738
247,1.050204605146539,1.0,10.672270418407168,10.608570252949082,9.7835764904962,10.013462017361396,107.47100302376558,105.95920240027922,97.75785482998982,100.1245792525847
248,1.048841564751984,1.0,10.628496072987971,10.610590824991464,9.790945170765333,10.014438848656436,106.72270418407179,106.08570252949087,97.83576490496199,100.13462017361401
249,1.021980730863954,1.0,10.497101867011306,10.586671282475004,9.796284723124426,10.014878463273716,106.28496072987984,106.10590824991466,97.90945170765333,100.14438848656441
250,1.0249788009735128,1.0,10.411391082845125,10.573616888784874,9.80273392570089,10.015378039293186,104.97101867011318,105.86671282475007,97.96284723124427,100.14878463273719
251,1.0250955631424228,1.0,10.342202529756818,10.571539923544199,9.811329857757924,10.015879950556034,104.11391082845137,105.73616888784875,98.02733925700892,100.15378039293189
252,1.0112216964948106,1.0,10.26423671245336,10.551430281116021,9.818381580202558,10.01610438448593,103.42202529756833,105.71539923544199,98.11329857757929,100.15879950556038
253,0.9852585504229774,1.0,10.137070683795347,10.521564387334676,9.821136568520574,10.015809555494391,102.64236712453376,105.51430281116018,98.18381580202562,100.16104384485935
254,0.9705358737987593,1.0,10.034180969664959,10.492317738823143,9.82058537827789,10.015220272970366,101.37070683795363,105.21564387334675,98.21136568520578,100.15809555494394
255,0.9852837056637537,1.0,9.954790779045442,10.462348299189049,9.824093300493653,10.01492594708364,100.34180969664973,104.92317738823142,98.20585378277895,100.15220272970369
256,0.9953609235488516,1.0,9.8953214998583,10.429725596795201,9.828026735574365,10.014833165554617,99.54790779045456,104.6234829918905,98.24093300493656,100.14925947083644
257,0.9775109800105755,1.0,9.827900066889828,10.384858494990375,9.830190209946384,10.014383385154828,98.95321499858314,104.29725596795201,98.28026735574369,100.1483316555462
258,0.9838250994368721,1.0,9.825033164917619,10.34043202134858,9.831874039596618,10.014059887143565,98.27900066889842,103.84858494990377,98.30190209946387,100.14383385154832
259,0.9991102879714362,1.0,9.882181993262972,10.300411994937008,9.837253941502617,10.014042092902994,98.25033164917632,103.40432021348579,98.31874039596622,100.1405988714357
260,0.9965872534038033,1.0,9.90478908874307,10.264031812507117,9.843686848059939,10.013973837971069,98.82181993262985,103.00411994937008,98.37253941502621,100.14042092902997
261,1.0056622691922714,1.0,9.92539178002991,10.227504028005399,9.849055167283028,10.014087083354914,99.04789088743084,102.64031812507119,98.43686848059943,100.13973837971074
262,1.0184352689327762,1.0,10.007240357874313,10.192911888906172,9.85393655819015,10.01445578873357,99.25391780029923,102.27504028005401,98.49055167283032,100.14087083354919
263,1.0163663156233655,1.0,10.072322790247298,10.165730677987066,9.859229416616355,10.014783115046036,100.07240357874325,101.92911888906175,98.53936558190154,100.14455788733575
264,1.024780146833076,1.0,10.123662507970579,10.13428183447746,9.86424670650351,10.0152787179827,100.72322790247313,101.65730677987067,98.5922941661636,100.14783115046042
265,1.037034277401168,1.0,10.204556555965308,10.118881876649741,9.869013131896308,10.016019403530724,101.23662507970593,101.3428183447746,98.64246706503515,100.15278717982703
266,1.04332214874792,1.0,10.279876315076606,10.110698031180412,9.875300260475715,10.016885846505682,102.04556555965323,101.18881876649742,98.69013131896313,100.16019403530727
267,1.026351829271896,1.0,10.295709435754844,10.098771643243092,9.881633578011595,10.017412883091119,102.79876315076619,101.10698031180415,98.7530026047572,100.16885846505686
268,1.040821755443591,1.0,10.344620315395295,10.094761738588895,9.888611684031861,10.018229318199992,102.95709435754858,100.98771643243093,98.816335780116,100.17412883091123
269,1.0516182685167164,1.0,10.398296558762576,10.109580507415277,9.898802636134578,10.019261683570326,103.44620315395309,100.94761738588898,98.88611684031868,100.18229318199995
270,1.057723221194725,1.0,10.439674446349688,10.125952717525882,9.910516205531927,10.020416147994222,103.9829655876259,101.09580507415278,98.98802636134586,100.19261683570329
271,1.0558749938203538,1.0,10.464780136494557,10.141342432864848,9.919895997620896,10.021533647870628,104.39674446349704,101.25952717525884,99.10516205531933,100.20416147994224
272,1.0639522337813179,1.0,10.5399809455134,10.167707701508101,9.93184412183733,10.022812692546255,104.6478013649457,101.41342432864849,99.19895997620904,100.2153364787063
273,1.078399494743458,1.0,10.615136424113135,10.214278173668342,9.94698602919896,10.024380682441125,105.39980945513415,101.67707701508103,99.31844121837338,100.22812692546256
274,1.0719119998372242,1.0,10.65572388675415,10.264966236687574,9.963413931710015,10.02581892243787,106.15136424113147,102.14278173668342,99.46986029198966,100.24380682441125
275,1.0900037510606226,1.0,10.720284946485945,10.317326259386011,9.980025595927662,10.027618997459081,106.55723886754163,102.64966236687576,99.63413931710022,100.2581892243787
276,1.1056613282391554,1.0,10.819857615323548,10.372476461731162,9.999007882932446,10.029732224023865,107.20284946485958,103.17326259386012,99.80025595927667,100.27618997459084
277,1.1087363593988218,1.0,10.909425866558555,10.438089151425284,10.0203733689979,10.031906951211841,108.1985761532356,103.72476461731165,99.9900788293245,100.29732224023866
278,1.0984376415342756,1.0,10.949502160140192,10.495395422473987,10.040790762555229,10.033875704042526,109.09425866558567,104.38089151425288,100.20373368997906,100.31906951211843
279,1.0887631157403639,1.0,10.98320439194647,10.540221836358452,10.05776179929626,10.035650966357334,109.49502160140203,104.95395422473989,100.40790762555234,100.33875704042528
280,1.1090714841359972,1.0,11.021339858097221,10.596463951724548,10.07851674612229,10.037832396040054,109.83204391946484,105.40221836358452,100.57761799296264,100.35650966357335
281,1.101487414469764,1.0,11.01299203055844,10.644376524363295,10.098561714139239,10.03986214432945,110.21339858097231,105.9646395172455,100.78516746122294,100.37832396040055
282,1.1022582492375421,1.0,11.00003581023588,10.686288014515679,10.11921049956322,10.0419073093142,110.12992030558448,106.44376524363297,100.98561714139241,100.3986214432945
283,1.1024442613798973,1.0,11.008049049927124,10.729326987393943,10.136663573403347,10.043956194541797,110.0003581023589,106.86288014515681,101.19210499563223,100.41907309314202
284,1.0780383329985934,1.0,10.986599484443582,10.755956080476704,10.149747795874449,10.045516961201768,110.08049049927133,107.29326987393947,101.3666357340335,100.43956194541799
285,1.0522305527785902,1.0,10.872917621728769,10.763554218165414,10.159905278731932,10.04656157225734,109.86599484443593,107.55956080476706,101.49747795874451,100.45516961201773
286,1.0475977858576342,1.0,10.765138364504509,10.76569203672027,10.170734854162536,10.047513527974493,108.7291762172878,107.63554218165419,101.59905278731934,100.46561572257343
287,1.0390449225412655,1.0,10.638711711111956,10.772038583354956,10.177701563028442,10.048294426425318,107.65138364504519,107.65692036720274,101.70734854162538,100.47513527974496
288,1.0127831769411781,1.0,10.459389542234515,10.75801929410375,10.183937539830128,10.048550089964142,106.38711711111966,107.72038583354959,101.77701563028444,100.48294426425322
289,0.9900196421692321,1.0,10.283352160575792,10.727219980930007,10.185611652490602,10.048350482807525,104.59389542234528,107.58019294103754,101.83937539830129,100.48550089964145
290,0.9639147808622026,1.0,10.106720616743017,10.680315760763746,10.183061250394333,10.04762877842477,102.83352160575805,107.27219980930013,101.85611652490603,100.4835048280753
291,0.9627144969404039,1.0,9.936954038908556,10.63373551232377,10.177677525995154,10.046883068363577,101.0672061674303,106.80315760763752,101.83061250394334,100.47628778424773
292,0.9564391868765734,1.0,9.771742567579171,10.5799789888714,10.174081648681886,10.046011852101108,99.3695403890857,106.33735512323776,101.77677525995153,100.46883068363582
293,0.9317948359793631,1.0,9.609765885655543,10.50667665948935,10.16837118550874,10.044647748820696,97.71742567579186,105.79978988871403,101.74081648681887,100.46011852101113
294,0.9616997172015559,1.0,9.55312603572019,10.451570518171517,10.163230311555509,10.043881743164725,96.09765885655557,105.06676659489355,101.68371185508741,100.44647748820701
295,0.961156467349824,1.0,9.547609408695433,10.387146876316116,10.159122200159528,10.043104872511721,95.53126035720204,104.51570518171522,101.63230311555508,100.43881743164732
296,0.9597663305714239,1.0,9.541713075957471,10.31419937748225,10.15721888237989,10.04230019912315,95.47609408695448,103.87146876316123,101.59122200159527,100.43104872511728
297,0.979313630516652,1.0,9.58746196323763,10.249488013041164,10.159813754438732,10.041886471733484,95.41713075957489,103.14199377482257,101.5721888237989,100.42300199123156
298,0.9632493572266474,1.0,9.650371005732199,10.18189387088735,10.159263412398202,10.041151458878018,95.87461963237647,102.49488013041173,101.5981375443873,100.41886471733488
299,0.9449291246337512,1.0,9.616829820596589,10.109976875334045,10.155921778082602,10.040050041370693,96.50371005732214,101.81893870887359,101.59263412398201,100.41151458878022
300,0.9308025889927054,1.0,9.556122063882352,10.020842427762398,10.15192780415223,10.038666093150546,96.16829820596604,101.09976875334053,101.559217780826,100.40050041370698
301,0.9092974230056049,1.0,9.455184248750715,9.924747432030319,10.1475216943249,10.036852041610658,95.56122063882366,100.20842427762406,101.51927804152228,100.38666093150553
302,0.8910526388659965,1.0,9.278662265449405,9.819144626844546,10.143324964371194,10.03467309438798,94.55184248750729,99.24747432030327,101.47521694324898,100.36852041610665
303,0.874157118642996,1.0,9.100477788282102,9.705001055476094,10.139370847768395,10.032156236760839,92.78662265449417,98.19144626844555,101.43324964371193,100.34673094387985
304,0.8675024056881346,1.0,8.945624350390869,9.599733091820864,10.136401081473068,10.029506284874602,91.00477788282114,97.05001055476103,101.39370847768396,100.32156236760845
305,0.8688283607994955,1.0,8.821675894004448,9.508031995831317,10.133153704400618,10.026882852090592,89.45624350390882,95.99733091820875,101.36401081473066,100.29506284874608
306,0.8637511598656914,1.0,8.730583367724622,9.416108682835347,10.126911192654733,10.024157875287905,88.21675894004463,95.08031995831327,101.33153704400617,100.26882852090598
307,0.8471281518186375,1.0,8.642734393629903,9.320150297474033,10.118413286327081,10.021100438324279,87.30583367724637,94.16108682835356,101.26911192654732,100.24157875287912
308,0.8496913319782872,1.0,8.593802820300485,9.238604374992587,10.110995812380255,10.018094264963844,86.4273439362992,93.20150297474042,101.1841328632708,100.21100438324285
309,0.8510337913558856,1.0,8.560865591635986,9.169111449585913,10.104386236840394,10.015114940790962,85.938028203005,92.38604374992597,101.10995812380251,100.18094264963851
310,0.8639995387471373,1.0,8.551207947531271,9.119153828528379,10.097298644364718,10.012394931565904,85.60865591636002,91.69111449585924,101.04386236840394,100.15114940790968
311,0.8897555085898687,1.0,8.603216644979625,9.082674334353111,10.094531430752694,10.010190041737703,85.51207947531285,91.19153828528391,100.97298644364717,100.12394931565912
312,0.8927002129913143,1.0,8.694360767324978,9.050804847410483,10.089772082361838,10.00804404599753,86.03216644979639,90.82674334353123,100.94531430752691,100.1019004173771
313,0.9230302388792138,1.0,8.841038581126833,9.046422548860408,10.088681345361097,10.006504650775113,86.94360767324994,90.50804847410494,100.89772082361834,100.08044045997536
314,0.9235464135243442,1.0,8.986063825463749,9.0273458970218,10.085569277839666,10.0049755790456,88.41038581126847,90.4642254886042,100.88681345361096,100.0650465077512
315,0.941517767822314,1.0,9.141100283614103,9.017526547258045,10.086414928668065,10.003805934402045,89.86063825463764,90.27345897021813,100.85569277839664,100.04975579045606
316,0.9360837818595742,1.0,9.233756830153514,9.00568527290212,10.084388561960205,10.002527610039236,91.41100283614117,90.17526547258058,100.86414928668063,100.03805934402052
317,0.9384601714360441,1.0,9.325276747042974,8.985258543361816,10.08246351358774,10.001296813467958,92.33756830153527,90.05685272902133,100.84388561960205,100.02527610039243
318,0.9182109689878795,1.0,9.315638207260303,8.962739349242431,10.075663561561885,9.999661032847715,93.25276747042986,89.85258543361829,100.82463513587737,100.01296813467964
319,0.9314233113519574,1.0,9.33139200291553,8.955986442601535,10.068471590748697,9.998289499074753,93.15638207260318,89.62739349242445,100.75663561561883,99.99661032847723
320,0.9417899130496945,1.0,9.33193629337029,8.96148010463003,10.060055003903768,9.997125297335748,93.31392002915543,89.55986442601548,100.68471590748695,99.98289499074762
321,0.9436624837118446,1.0,9.34709369707483,8.978662634983149,10.051021312715722,9.995998547009986,93.31936293370303,89.61480104630041,100.60055003903766,99.97125297335756
322,0.9699148095800216,1.0,9.410002973362786,9.018093720340161,10.046776776330129,9.995396843201586,93.47093697074844,89.78662634983161,100.5102131271572,99.95998547009992
323,0.9466725449183692,1.0,9.466926125223766,9.054351433477848,10.03770775698536,9.994330294099953,94.10002973362799,90.18093720340173,100.4677677633013,99.95396843201593
324,0.9478639592774583,1.0,9.499807421074768,9.09453221027251,10.028458502778872,9.993287573285503,94.66926125223777,90.5435143347786,100.37707756985361,99.94330294099962
325,0.9424404322741818,1.0,9.501108459523744,9.131338246009854,10.021146669677698,9.992136381930987,94.99807421074779,90.94532210272521,100.28458502778871,99.9328757328551
326,0.9239588279774337,1.0,9.461701148054923,9.161442080065724,10.00997221416594,9.990615558490536,95.01108459523753,91.31338246009865,100.21146669677697,99.92136381930993
327,0.9410355121334943,1.0,9.403942553161867,9.208395760223151,10.001585307448869,9.989436268733204,94.61701148054932,91.61442080065736,100.09972214165938,99.9061555849054
328,0.9650155506776381,1.0,9.440628564680406,9.266057869572828,9.993606820449909,9.988736579746757,94.03942553161878,92.08395760223164,100.01585307448867,99.89436268733212
329,0.9859392322786583,1.0,9.516779110682805,9.333510590034214,9.985218762088088,9.98845536439233,94.40628564680415,92.66057869572839,99.9360682044991,99.88736579746765
330,0.9842932628504781,1.0,9.600484771835397,9.393657452085884,9.978539329537757,9.98814122964934,95.16779110682815,93.33510590034226,99.85218762088087,99.88455364392338
331,1.0065474385684001,1.0,9.765661993017329,9.45205341707515,9.97626912403222,9.988272178420708,96.00484771835407,93.93657452085895,99.78539329537757,99.88141229649348
332,1.0181836180660302,1.0,9.9199582048824,9.514795119612508,9.972943387703705,9.988635850782028,97.6566199301734,94.52053417075162,99.7626912403222,99.88272178420715
333,1.003672043075576,1.0,9.997271189678276,9.55511602171069,9.968811558212696,9.98870929164354,99.19958204882411,95.14795119612519,99.72943387703707,99.88635850782036
334,1.0298738077655514,1.0,10.085140340652062,9.608279718831295,9.968896021907069,9.989306767798851,99.97271189678288,95.551160217107,99.68811558212695,99.88709291643548
335,1.0248292916115513,1.0,10.166212398174206,9.649935480725912,9.96685669257503,9.989803353631082,100.85140340652075,96.08279718831304,99.68896021907067,99.89306767798858
336,1.000480145509425,1.0,10.154077812056258,9.682133662550838,9.960844074292318,9.98981295654127,101.66212398174221,96.49935480725924,99.66856692575027,99.89803353631089
337,1.013075226724445,1.0,10.143861029373088,9.719441190195038,9.955427078602739,9.990074461075757,101.5407781205627,96.8213366255085,99.60844074292316,99.89812956541277
338,1.0079965902032453,1.0,10.152510123628426,9.764334000802723,9.948958932951017,9.990234392879822,101.43861029373102,97.1944119019505,99.55427078602737,99.90074461075767
339,0.9968350272185083,1.0,10.08643256253434,9.797039858735998,9.94072740159341,9.990171093424193,101.5251012362844,97.64334000802732,99.48958932951014,99.90234392879832
340,1.0195546764920973,1.0,10.075883332295433,9.835922240457199,9.935748107416261,9.990562186954035,100.86432562534353,97.97039858736008,99.40727401593408,99.90171093424202
341,1.0448530533338398,1.0,10.164629147944263,9.886517525268196,9.932361628930074,9.991459248020712,100.75883332295444,98.3592224045721,99.35748107416259,99.90562186954044
342,1.021032305629295,1.0,10.180543305753963,9.912076273292834,9.92570290477988,9.991879894133296,101.64629147944274,98.86517525268206,99.32361628930072,99.9145924802072
343,1.0230944914039255,1.0,10.210739108155323,9.950287246535613,9.920939480174116,9.992341783961376,101.80543305753974,99.12076273292844,99.25702904779877,99.91879894133307
344,1.0418790192104792,1.0,10.300827092139265,9.997294776502121,9.916359598709935,9.993179364345586,102.10739108155335,99.50287246535622,99.20939480174111,99.92341783961385
345,1.0493449837730546,1.0,10.36040770670118,10.050747052251557,9.91451067778158,9.994166264021047,103.00827092139278,99.97294776502133,99.16359598709931,99.93179364345593
346,1.0342586460939107,1.0,10.339218892221322,10.105896961309798,9.911967558422312,9.994851436942925,103.60407706701191,100.5074705225157,99.14510677781577,99.94166264021055
347,1.0073621648969364,1.0,10.311878610756605,10.139060287691517,9.907683314397353,9.994998680240863,103.39218892221334,101.05896961309809,99.1196755842231,99.94851436942932
348,1.0270425652062465,1.0,10.319774758361246,10.170073794955822,9.90550341444278,9.99553953154499,103.11878610756617,101.3906028769153,99.07683314397349,99.9499868024087
349,1.0305523368405392,1.0,10.297121393621365,10.192380347236764,9.906360575040438,9.996150578281801,103.1977475836126,101.70073794955833,99.05503414442775,99.95539531544995
350,1.039567941118273,1.0,10.277567308311802,10.220017686370662,9.907819489054914,9.996941937104166,102.97121393621379,101.92380347236774,99.06360575040434,99.96150578281805
351,1.058621358213178,1.0,10.326292732550337,10.24605464619305,9.91117206856199,9.99811436426843,102.77567308311816,102.20017686370672,99.0781948905491,99.96941937104171
352,1.0522487207142033,1.0,10.416065844184871,10.263087197517137,9.91527477098393,9.999159338682713,103.26292732550351,102.4605464619306,99.11172068561986,99.98114364268436
353,1.0418244679939035,1.0,10.445629649760185,10.2821634099763,9.920931362741022,9.999995828042591,104.16065844184884,102.63087197517147,99.15274770983925,99.99159338682719
354,1.0472172927465775,1.0,10.478959561572262,10.290835152466814,9.928599504635804,10.000940173897522,104.45629649760198,102.8216340997631,99.20931362741015,99.99995828042599
355,1.0357335372957768,1.0,10.471290753927269,10.296287275308927,9.933644487799006,10.001654844643438,104.78959561572276,102.90835152466823,99.28599504635797,100.0094017389753
356,1.026790580810839,1.0,10.407629199122592,10.309442492959635,9.936787453525204,10.002190656259655,104.71290753927283,102.96287275308934,99.33644487799,100.01654844643444
357,1.0008137837650526,1.0,10.30475932522429,10.303311771479938,9.939117733900652,10.002206931934957,104.07629199122604,103.09442492959643,99.367874535252,100.02190656259661
358,0.9832374781030004,1.0,10.187585345442484,10.290932215429816,9.939058971767265,10.001871681497018,103.04759325224305,103.03311771479946,99.39117733900648,100.02206931934963
359,0.9682880865625607,1.0,10.029726933074452,10.276658745101843,9.935976751626377,10.001237443228268,101.87585345442498,102.90932215429822,99.39058971767261,100.01871681497022
360,0.9718949215164596,1.0,9.902049701515818,10.252828867614024,9.933507518437644,10.000675341658598,100.29726933074465,102.7665874510185,99.35976751626373,100.01237443228273
361,0.9667994328849291,1.0,9.782067405663998,10.213802057389568,9.929621234806909,10.000011330316296,99.02049701515831,102.5282886761403,99.33507518437641,100.00675341658601
362,0.9850117721178204,1.0,9.750463382369535,10.19579179063383,9.926278885125415,9.999711565758652,97.82067405664012,102.13802057389574,99.29621234806906,100.000113303163
363,0.9990358090668616,1.0,9.782060044297257,10.1837624494653,9.924545834469763,9.99969228193999,97.50463382369546,101.95791790633838,99.2627888512541,99.99711565758656
364,1.0031811252662755,1.0,9.851846121704686,10.164413502493199,9.922385932313084,9.999755904445315,97.82060044297268,101.83762449465306,99.2454583446976,99.99692281939993
365,1.0262390067019171,1.0,9.960534292075602,10.15286051395763,9.92130640524316,10.000280684579355,98.51846121704698,101.64413502493204,99.2238593231308,99.99755904445318
366,0.9998527636519492,1.0,10.026640953609641,10.13565757273665,9.916959466733562,10.000277739852393,99.60534292075613,101.52860513957634,99.21306405243156,100.00280684579357
367,0.9865854999144196,1.0,10.02978840920284,10.125269240245391,9.912982833797816,10.000009449850682,100.26640953609653,101.35657572736655,99.16959466733559,100.00277739852396
368,0.9605430895427238,1.0,9.952802970154567,10.092019502413631,9.904954967207729,9.999220311641537,100.29788409202851,101.25269240245396,99.12982833797811,100.00009449850685
369,0.9748072550238582,1.0,9.89605522966973,10.06414696150529,9.897273865858443,9.998716456742013,99.52802970154576,100.92019502413635,99.04954967207723,99.99220311641538
370,0.9732808597487906,1.0,9.79013893576348,10.03100342082055,9.888829629713848,9.998182073936988,98.96055229669741,100.64146961505296,98.97273865858436,99.98716456742015
371,0.9625440091578943,1.0,9.715521426775371,9.982964746292907,9.879496531247604,9.997432954120146,97.90138935763488,100.31003420820554,98.88829629713844,99.98182073936991
372,0.9661102794498057,1.0,9.674570985846142,9.939895525660708,9.869712335814453,9.996755159709142,97.15521426775379,99.8296474629291,98.79496531247598,99.97432954120148
373,0.9886180672733202,1.0,9.730720941307336,9.913292325300416,9.860734193067438,9.99652752105461,96.74570985846151,99.39895525660712,98.69712335814447,99.96755159709144
374,0.9767865877739768,1.0,9.734679606807571,9.878076972814117,9.851221651861113,9.996063252810089,97.30720941307344,99.1329232530042,98.60734193067434,99.96527521054611
375,0.9998531219553513,1.0,9.787824131220694,9.860136765143903,9.842206588950587,9.996060315249196,97.3467960680758,98.7807697281412,98.51221651861107,99.9606325281009
376,1.0149924464284326,1.0,9.89272100576177,9.854237697952701,9.833139700769514,9.996360164177764,97.87824131220702,98.60136765143906,98.42206588950579,99.96060315249198
377,1.0104734859864746,1.0,9.981447418835108,9.859067549063411,9.823313413428279,9.996569633897494,98.9272100576178,98.54237697952703,98.33139700769509,99.96360164177767
378,0.9914308896166899,1.0,9.987073063521848,9.863164254820255,9.81261273823652,9.996398251689829,99.81447418835117,98.59067549063414,98.23313413428274,99.96569633897496
379,1.004150665094126,1.0,10.041801218162146,9.881095544086039,9.804151493171895,9.996481264991711,99.87073063521856,98.63164254820259,98.12612738236515,99.9639825168983
380,0.9956942904452026,1.0,10.03348355514185,9.89299522855041,9.792813773802816,9.996395150800616,100.41801218162155,98.81095544086041,98.04151493171892,99.96481264991712
381,0.9703982584984431,1.0,9.94429517928187,9.894794641357167,9.779704858205685,9.995803115970585,100.33483555141858,98.92995228550413,97.92813773802813,99.96395150800615
382,0.9492076887615996,1.0,9.821763584832121,9.876892599679056,9.76439980215809,9.994787269745817,99.44295179281877,98.94794641357171,97.79704858205682,99.95803115970584
383,0.9552981300892421,1.0,9.749498065777225,9.855023760190246,9.749685189029023,9.993893232347602,98.2176358483213,98.7689259967906,97.64399802158087,99.94787269745817
384,0.9724466918008149,1.0,9.686090119190602,9.839656543457517,9.739126024909245,9.993342166183618,97.49498065777235,98.55023760190251,97.49685189029022,99.93893232347601
385,0.9876452636527405,1.0,9.669992065605678,9.820359671932929,9.732667495996662,9.993095071456674,96.86090119190611,98.3965654345752,97.39126024909245,99.93342166183616
386,0.9688700289803875,1.0,9.666935606569567,9.804868304597147,9.724794720308937,9.992472472036281,96.69992065605688,98.20359671932933,97.32667495996661,99.93095071456672
387,0.9538742166542304,1.0,9.676268662354829,9.788512662967053,9.716277649720233,9.991549956369365,96.66935606569577,98.0486830459715,97.24794720308935,99.92472472036279
388,0.9674885201831278,1.0,9.700649442542602,9.791985378287254,9.71174818404443,9.990899726773026,96.76268662354838,97.88512662967057,97.1627764972023,99.91549956369364
389,0.9420731902657762,1.0,9.639902439472525,9.775618345908212,9.706953538854084,9.989741190578343,97.0064944254261,97.9198537828726,97.11748184044426,99.90899726773026
390,0.9237192042468549,1.0,9.512050320660753,9.750837518157244,9.70293398119255,9.988215574663279,96.39902439472533,97.75618345908217,97.06953538854081,99.89741190578341
391,0.9066106860611006,1.0,9.38753163482218,9.722870856608846,9.69732360010462,9.986347788384503,95.12050320660762,97.50837518157249,97.02933981192547,99.88215574663279
392,0.9078385821697298,1.0,9.295460365853177,9.693735007968808,9.692463539633936,9.984504560027897,93.87531634822189,97.22870856608853,96.97323600104617,99.86347788384502
393,0.9233176427132248,1.0,9.207118610913373,9.661084795688762,9.691615820307321,9.98297091288216,92.95460365853188,96.93735007968814,96.92463539633933,99.84504560027895
394,0.9461077073576518,1.0,9.215187645097123,9.645745355480598,9.690056619322931,9.981893067029313,92.07118610913382,96.61084795688768,96.9161582030732,99.8297091288216
395,0.9725655405757591,1.0,9.312880317754932,9.632101564790801,9.691197526645524,9.981344377840829,92.15187645097133,96.45745355480605,96.9005661932293,99.81893067029314
396,0.975958502828998,1.0,9.451575951290726,9.612584592991086,9.692816743871282,9.980863547897409,93.1288031775494,96.32101564790808,96.91197526645523,99.81344377840828
397,0.9662895880355664,1.0,9.5684779630224,9.590492644015631,9.691514339623174,9.98018933965812,94.51575951290735,96.12584592991092,96.9281674387128,99.80863547897408
398,0.9800479162372451,1.0,9.681938510070442,9.58480115732591,9.693194195524233,9.979790297982865,95.68477963022409,95.90492644015637,96.91514339623173,99.8018933965812
399,0.9604507309841915,1.0,9.71062455732352,9.562951190270942,9.694746356159277,9.97899931260255,96.81938510070448,95.84801157325914,96.93194195524232,99.79790297982865
400,0.9782157120702717,1.0,9.721924900312544,9.554211901083477,9.699487668467032,9.978563626843954,97.10624557323527,95.62951190270948,96.94746356159277,99.78999312602548
401,0.9854779004902451,1.0,9.74096369563504,9.561751722079377,9.707105716215496,9.978273184853759,97.21924900312553,95.54211901083481,96.99487668467034,99.78563626843955
402,0.9722738428463595,1.0,9.752932205256625,9.573284799121756,9.715227836613531,9.977718661710686,97.40963695635047,95.61751722079381,97.07105716215497,99.7827318485376
403,0.9528468489080367,1.0,9.69853007059821,9.572059158531156,9.723096809640037,9.976775598688846,97.52932205256633,95.73284799121762,97.15227836613532,99.77718661710685
404,0.9391984764725313,1.0,9.65602556157489,9.555435050867015,9.730266416718475,9.975559568218298,96.98530070598217,95.7205915853116,97.23096809640036,99.76775598688846
405,0.9277621091424972,1.0,9.55511835571934,9.525493473611892,9.736159791552774,9.974114810401149,96.56025561574896,95.55435050867018,97.30266416718476,99.75559568218296
406,0.9321934250159236,1.0,9.448549404770699,9.50715517162966,9.743004018067797,9.972758678901466,95.55118355719347,95.25493473611895,97.36159791552777,99.74114810401146
407,0.9430678019174966,1.0,9.390137322912972,9.501751964261294,9.752597983077683,9.971620034939814,94.48549404770704,95.07155171629664,97.43004018067799,99.72758678901465
408,0.9400692063303552,1.0,9.364582037757609,9.488042307334908,9.761635770512889,9.970421419066422,93.90137322912979,95.01751964261297,97.52597983077685,99.71620034939815
409,0.9685770634383367,1.0,9.42333921168922,9.501294243921189,9.773390097721135,9.96979296033519,93.64582037757616,94.8804230733491,97.61635770512892,99.70421419066422
410,0.9741360607417698,1.0,9.516087114887764,9.526502672168645,9.7844037499206,9.969275681550025,94.23339211689228,95.01294243921191,97.73390097721136,99.6979296033519
411,0.9540696750216423,1.0,9.5598396148992,9.550232166648916,9.790835166563776,9.96835707505046,95.16087114887773,95.2650267216865,97.84403749920598,99.69275681550025
412,0.9649428011969979,1.0,9.603589613458205,9.57878427616255,9.798059425384345,9.967655931074399,95.59839614899211,95.5023216664892,97.90835166563777,99.68357075050459
413,0.9902403673683242,1.0,9.703931935534143,9.6122456384901,9.804780438233257,9.967460738421765,96.03589613458213,95.78784276162554,97.98059425384345,99.676559310744
414,1.0159118978921868,1.0,9.798601604441844,9.647147733757368,9.81401698667004,9.967778976379607,97.03931935534152,96.12245638490103,98.04780438233256,99.67460738421765
415,0.9968158932819302,1.0,9.843961269522165,9.659272910110454,9.819546799216003,9.967715294245247,97.9860160444185,96.47147733757372,98.1401698667004,99.6777897637961
416,1.002274023222066,1.0,9.940369965923011,9.672430670306987,9.826165823352252,9.967760774709689,98.43961269522171,96.59272910110458,98.19546799216,99.6771529424525
417,0.995113298618221,1.0,10.000710960765456,9.686842525598314,9.83183113607047,9.967663040682053,99.40369965923018,96.72430670306991,98.2616582335225,99.6776077470969
418,1.0216337443536572,1.0,10.063497714736124,9.707635439656519,9.842173413607048,9.968095715569127,100.00710960765466,96.8684252559832,98.31831136070468,99.67663040682055
419,1.0477022172215764,1.0,10.127078353394904,9.751261182775211,9.85380130419401,9.969049759913558,100.6349771473613,97.07635439656526,98.42173413607047,99.68095715569129
420,1.0284370269511394,1.0,10.190320620733322,9.776371840215644,9.862466015584154,9.969618500452581,101.2707835339491,97.51261182775218,98.53801304194009,99.69049759913561
421,1.0377769090781572,1.0,10.261326392445506,9.802521344509602,9.871877458120787,9.970374038634144,101.90320620733328,97.76371840215653,98.62466015584154,99.69618500452583
422,1.0390018646803445,1.0,10.349103524569752,9.835885355426594,9.878786163630819,9.971154075927751,102.6132639244551,98.02521344509609,98.71877458120785,99.70374038634147
423,1.044863588130917,1.0,10.395563212124273,9.881893725038033,9.888605267952075,9.972051347690371,103.49103524569757,98.358853554266,98.78786163630816,99.71154075927753
424,1.0436583424097363,1.0,10.387475462500593,9.934123658006635,9.898184706265301,9.972924514538565,103.95563212124277,98.81893725038042,98.88605267952073,99.7205134769037
425,1.0645831068107983,1.0,10.45976762221991,10.002534156840785,9.910398973718964,9.974216176674782,103.87475462500598,99.34123658006644,98.98184706265302,99.72924514538566
426,1.0654510581230152,1.0,10.515115920309626,10.06916297339433,9.924548196733522,9.975525197837241,104.59767622219915,100.02534156840794,99.10398973718964,99.74216176674783
427,1.043878095501217,1.0,10.524868381951372,10.119568120186191,9.934832455070293,9.976402759747266,105.15115920309631,100.6916297339434,99.24548196733522,99.75525197837243
428,1.0177024597853526,1.0,10.470546125260244,10.158384746913688,9.940101145981066,9.976756808942973,105.24868381951376,101.19568120186202,99.34832455070294,99.76402759747266
429,0.9933818867423158,1.0,10.369993213925401,10.170787158565677,9.94084541142743,9.97662444667782,104.70546125260248,101.583847469137,99.40101145981068,99.76756808942974
430,0.9746475894477047,1.0,10.190122179199216,10.171042922918645,9.939880844087154,9.976117398466773,103.69993213925406,101.70787158565689,99.40845411427433,99.76624446677819
431,0.957724056437079,1.0,9.974668175827343,10.172870113626363,9.934998505874022,9.975271879595516,101.9012217919922,101.71042922918657,99.39880844087156,99.76117398466774
432,0.9551944660754339,1.0,9.797300916975775,10.16799594606558,9.928699590674961,9.974375768917023,99.74668175827347,101.72870113626377,99.34998505874024,99.75271879595515
433,0.9754073839550891,1.0,9.712710765315249,10.160579454358963,9.925873124762914,9.973883916596126,97.97300916975782,101.67995946065594,99.28699590674964,99.74375768917024
434,0.9690437104275584,1.0,9.664034412685734,10.13714536062665,9.919790115029114,9.973264790804677,97.12710765315255,101.60579454358977,99.25873124762913,99.73883916596125
435,0.9811347460259414,1.0,9.677008725842208,10.129304786998656,9.915420660470552,9.972887485725195,96.6403441268574,101.37145360626661,99.19790115029114,99.73264790804677
436,0.9568944598323655,1.0,9.675349532632781,10.106615005303805,9.911062091902847,9.972025374921843,96.77008725842214,101.29304786998668,99.15420660470554,99.72887485725195
437,0.9691559332508808,1.0,9.703272466983675,10.093636322620135,9.906670162555491,9.971408493586859,96.75349532632787,101.06615005303817,99.11062091902848,99.72025374921843
438,0.958516072807473,1.0,9.669489844688442,10.062077486847043,9.901722110815914,9.970578815043009,97.03272466983681,100.93636322620146,99.06670162555491,99.71408493586861
439,0.9638133264006014,1.0,9.659029076634528,10.020133041436555,9.898419940734124,9.969855081571021,96.69489844688448,100.62077486847053,99.01722110815913,99.70578815043011
440,0.9735437329425679,1.0,9.64384705046778,9.99268639443227,9.893818846379169,9.969325956229872,96.59029076634535,100.20133041436566,98.98419940734122,99.69855081571023
441,0.9790729091256033,1.0,9.688203949054257,9.963334394455993,9.887240831958346,9.968907414412385,96.43847050467788,99.9268639443228,98.93818846379169,99.69325956229875
442,0.9679371998884594,1.0,9.685766482329413,9.92780206206005,9.881931321384263,9.968266158410154,96.88203949054262,99.63334394456004,98.87240831958344,99.68907414412386
443,0.9901351293352276,1.0,9.749004595384923,9.900437832662204,9.878635385177393,9.968068860996858,96.8576648232942,99.2780206206006,98.81931321384262,99.68266158410155
444,0.9859849853286751,1.0,9.79334791324107,9.871601154121674,9.873045981789211,9.967788560703431,97.49004595384929,99.00437832662215,98.78635385177392,99.68068860996861
445,0.9725370610880543,1.0,9.791334569532044,9.825578131260302,9.865365189520713,9.967239301925192,97.93347913241077,98.71601154121684,98.73045981789211,99.67788560703434
446,0.9776795461541878,1.0,9.788547843589212,9.781692375275888,9.85970727952674,9.966792892848277,97.91334569532049,98.25578131260312,98.65365189520712,99.67239301925196
447,0.9774298666288928,1.0,9.807533177070079,9.748468260839726,9.856714049699935,9.966341490180854,97.88547843589218,97.81692375275898,98.5970727952674,99.6679289284828
448,0.9837480417242735,1.0,9.79475900184817,9.731491051809188,9.852384597351739,9.966016451015339,98.07533177070086,97.48468260839736,98.56714049699936,99.66341490180858
449,0.9885484901134098,1.0,9.79988601141764,9.729074353494735,9.848184212679024,9.965787420817607,97.94759001848178,97.31491051809196,98.52384597351738,99.66016451015342
450,1.0133213089033566,1.0,9.881454507048245,9.748411213222562,9.845559549457533,9.966053846995674,97.99886011417648,97.29074353494744,98.48184212679026,99.6578742081761
451,1.0045156582413783,1.0,9.935126731222626,9.771807014124713,9.840148979460354,9.966144160160502,98.81454507048252,97.4841121322257,98.45559549457533,99.66053846995676
452,1.0234643344642116,1.0,10.027195666893263,9.8059419483191,9.837270540835355,9.966613446849786,99.35126731222633,97.71807014124718,98.40148979460353,99.66144160160503
453,1.0155718628304797,1.0,10.090843309105676,9.826024187756795,9.834645280319013,9.966924884106394,100.2719566689327,98.05941948319108,98.37270540835354,99.66613446849789
454,1.0176885583902373,1.0,10.149123445659331,9.850346611738134,9.831692406883379,9.9672786552742,100.90843309105682,98.26024187756802,98.34645280319012,99.66924884106398
455,1.0193716506397865,1.0,10.16122412913219,9.869465064045055,9.83005621821778,9.967666088286997,101.49123445659338,98.50346611738141,98.31692406883377,99.67278655274202
456,1.0126671187939373,1.0,10.177527050237307,9.897351393525842,9.828643872016091,9.967919430662876,101.61224129132196,98.69465064045065,98.30056218217779,99.67666088286998
457,1.0279305366669371,1.0,10.186459454642758,9.926738695233869,9.831355547306279,9.968478041396214,101.77527050237316,98.97351393525851,98.28643872016087,99.67919430662876
458,1.041665990404439,1.0,10.238647709790678,9.968313654032354,9.837198398536422,9.969311361204303,101.86459454642767,99.26738695233878,98.31355547306275,99.68478041396216
459,1.058866406196526,1.0,10.321003405403255,10.015840193930316,9.846256230499819,9.970488689328235,102.38647709790685,99.68313654032362,98.37198398536418,99.69311361204305
460,1.0708365541027347,1.0,10.423933212329151,10.0644866045104,9.856150393758446,9.97190542041029,103.21003405403262,100.15840193930323,98.46256230499816,99.70488689328235
461,1.0723751386470166,1.0,10.54334925203531,10.111137719271106,9.866707964334655,9.97335292318323,104.23933212329159,100.64486604510407,98.56150393758442,99.7190542041029
462,1.060944565030076,1.0,10.609377308761589,10.157641401841914,9.874301243625881,9.97457181448383,105.43349252035318,101.11137719271115,98.66707964334651,99.7335292318323
463,1.0397061832403316,1.0,10.605457694433372,10.182426928794467,9.87836828104323,9.975365938148636,106.09377308761596,101.57641401841923,98.74301243625878,99.74571814483832
464,1.055693515261742,1.0,10.599111912563805,10.217281193761,9.883619520042775,9.97647980845387,106.0545769443338,101.82426928794476,98.78368281043224,99.75365938148639
465,1.0588633011673283,1.0,10.575165406692992,10.260444313800638,9.886881949489316,9.977657074477218,105.99111912563812,102.17281193761008,98.8361952004277,99.76479808453874
466,1.0807759164690203,1.0,10.591966962336999,10.311992498958055,9.894974264771022,9.979272592806598,105.75165406693,102.60444313800647,98.8688194948931,99.7765707447722
467,1.0645550568647055,1.0,10.599187946006257,10.355555094075962,9.902771220466052,9.980563693943894,105.91966962337005,103.11992498958064,98.9497426477102,99.79272592806599
468,1.050893339079116,1.0,10.621562257683825,10.389127742753383,9.91180624541969,9.981581560725475,105.99187946006266,103.55555094075969,99.02771220466047,99.80563693943893
469,1.072876683952998,1.0,10.655928595066339,10.431291839673175,9.921613188312605,9.983039094404536,106.21562257683834,103.8912774275339,99.11806245419687,99.81581560725476
470,1.0735484687629187,1.0,10.68529893025752,10.461405419602958,9.931639949214018,9.984510063779792,106.55928595066345,104.31291839673183,99.21613188312602,99.83039094404536
471,1.0892640168144887,1.0,10.702275130948456,10.503779598889512,9.944311949979678,9.986295344116083,106.85298930257527,104.61405419602963,99.31639949214014,99.84510063779794
472,1.0844184193528403,1.0,10.742001855924727,10.534256641333826,9.95614276396998,9.987983712503139,107.02275130948465,105.03779598889518,99.44311949979672,99.86295344116083
473,1.0907407195049592,1.0,10.821696616776414,10.571841069671066,9.966355029193144,9.989798526893239,107.42001855924734,105.34256641333835,99.56142763969976,99.8798371250314
474,1.0675755052818432,1.0,10.811094259434103,10.59678454311687,9.975433920943932,9.991150036998876,108.21696616776418,105.71841069671075,99.66355029193139,99.89798526893239
475,1.0608644166068422,1.0,10.785726155121951,10.617530926100397,9.981535050409079,9.992367325331012,108.1109425943411,105.96784543116878,99.75433920943925,99.91150036998876
476,1.0643219383322076,1.0,10.735841998157388,10.643358335869532,9.986467999599457,9.993653764097656,107.85726155121957,106.17530926100406,99.81535050409074,99.92367325331013
477,1.0700102198742554,1.0,10.707025599200218,10.664398177473192,9.992421672988234,9.995053968495142,107.35841998157393,106.43358335869542,99.86467999599452,99.93653764097657
478,1.0537813642126446,1.0,10.63310688861559,10.670455864377294,9.998656720447832,9.996129595779395,107.07025599200225,106.64398177473201,99.9242167298823,99.95053968495142
479,1.0320270930445172,1.0,10.562010064140939,10.657036207801289,10.00144436324287,9.996770137640286,106.33106888615593,106.70455864377304,99.98656720447825,99.96129595779395
480,1.0269841688039754,1.0,10.494249568535205,10.63511001515191,10.004573351078747,9.997309821016364,105.62010064140941,106.570362078013,100.01444363242865,99.96770137640286
481,1.0400021476927774,1.0,10.445609987256343,10.61892351967479,10.01153373999818,9.99810986397022,104.94249568535209,106.3511001515192,100.04573351078741,99.97309821016364
482,1.0112889049321638,1.0,10.32816735737216,10.594095689625835,10.017741861615237,9.998335642068863,104.45609987256348,106.189235196748,100.11533739998174,99.98109863970221
483,1.0313192491267467,1.0,10.283243127200365,10.589902222569041,10.02534397351899,9.998962027051398,103.28167357372165,105.94095689625843,100.17741861615232,99.98335642068864
484,1.0464148537249538,1.0,10.312018648561239,10.585262891800648,10.032740789711402,9.999890324125898,102.83243127200369,105.89902222569049,100.25343973518983,99.98962027051398
485,1.0501578288847864,1.0,10.35836596872286,10.580910155659376,10.038992046234608,10.000893480703594,103.12018648561244,105.85262891800656,100.32740789711396,99.99890324125897
486,1.0696650571880273,1.0,10.417691787713357,10.57535472601888,10.049071549055371,10.002286781847353,103.58365968722865,105.80910155659384,100.389920462346,100.00893480703593
487,1.086885849947224,1.0,10.568885677743477,10.58652012256014,10.06237271238467,10.004024498846299,104.17691787713366,105.75354726018888,100.49071549055365,100.02286781847353
488,1.105430726616598,1.0,10.71710863272318,10.613788816328881,10.076166933028018,10.00613311337863,105.68885677743485,105.86520122560148,100.62372712384666,100.04024498846297
489,1.0872123332630566,1.0,10.798703591799386,10.62095664098391,10.090680847327747,10.00787736004389,107.17108632723189,106.13788816328888,100.76166933028013,100.0613311337863
490,1.0725270078349562,1.0,10.843441949699727,10.620445910519928,10.105561627686557,10.009327900200589,107.98703591799395,106.20956640983918,100.9068084732774,100.07877360043892
491,1.084906687433312,1.0,10.873925210190297,10.61826724582934,10.123391227823777,10.011026033949257,108.43441949699734,106.20445910519936,101.05561627686549,100.0932790020059
492,1.0988525065998869,1.0,10.897858523495623,10.625484289452862,10.142492620266793,10.013003084081253,108.73925210190302,106.18267245829347,101.2339122782377,100.11026033949257
493,1.0924349228749002,1.0,10.871866916012227,10.626331391137834,10.15940434828296,10.014851782538752,108.97858523495628,106.25484289452871,101.42492620266785,100.13003084081254
494,1.089069622771334,1.0,10.875581495028783,10.637078449882578,10.17370053982433,10.016633174994178,108.71866916012235,106.26331391137842,101.59404348282953,100.14851782538751
495,1.1044461378321104,1.0,10.93941975502309,10.658869310495213,10.186888599549963,10.018722097750821,108.75581495028788,106.37078449882588,101.7370053982432,100.16633174994179
496,1.1051782926091782,1.0,10.979962965374822,10.679297487633699,10.19981057852798,10.020825663603004,109.39419755023098,106.58869310495223,101.86888599549955,100.18722097750822
497,1.1044535093411034,1.0,10.991164970857255,10.696519132367124,10.213626970658535,10.022914733789827,109.7996296537483,106.79297487633707,101.99810578527973,100.20825663603006
498,1.1191700862507985,1.0,11.044635297609052,10.729213493386201,10.227539187659891,10.025298135514841,109.91164970857263,106.96519132367132,102.13626970658528,100.22914733789828
499,1.134461908443891,1.0,11.135419868954166,10.780430901085888,10.24494030540586,10.02798737368372,110.4463529760906,107.29213493386207,102.27539187659882,100.25298135514844
500,1.1421060003506969,1.0,11.21073959399134,10.837991816859248,10.261329334233903,10.030422896826515,111.35419868954173,107.80430901085894,102.44940305405851,100.27987373683722
